writer, episode_code,gender
Judd Apatow,TABF05,m
Richard Appel,3F06,m
Richard Appel,3F17,m
Richard Appel,3F18,m
Richard Appel,4F06,m
Richard Appel,4F21,m
Richard Appel,5F04,m
Richard Appel,5F19,m
Gary Apple,9F09,m
Jack Barth,3F15,m
Bob Bendetson,CABF17,m
Bob Bendetson,DABF10,m
Dick Blasucci,NABF12,m
Neal Boushell,EABF06,m
J. Stewart Burns,EABF17,m
J. Stewart Burns,FABF13,m
J. Stewart Burns,GABF04,m
J. Stewart Burns,HABF14,m
J. Stewart Burns,JABF06,m
J. Stewart Burns,JABF10,m
J. Stewart Burns,KABF02,m
J. Stewart Burns,LABF10,m
J. Stewart Burns,NABF15,m
J. Stewart Burns,PABF04,m
J. Stewart Burns,RABF08,m
J. Stewart Burns,SABF05,m
J. Stewart Burns,SABF13,m
J. Stewart Burns,SABF16,m
Neil Campbell,TABF04,m
Bill Canterbury,1F03,m
Bill Canterbury,1F04,m
Michael Carrington,9F09,m
Donick Cary,4F18,m
Donick Cary,5F03,m
Donick Cary,5F10,m
Donick Cary,AABF01,m
Donick Cary,AABF02,m
Donick Cary,AABF20,m
Donick Cary,BABF01,m
Dan Castellaneta,BABF14,m
Dan Castellaneta,DABF12,m
Dan Castellaneta,FABF08,m
Dan Castellaneta,HABF10,m
Dan Castellaneta,MABF22,m
Dan Castellaneta,NABF09,m
Dan Castellaneta,PABF02,m
David Chambers,FABF07,m
Julie Chambers,FABF07,f
Thomas Chastain,8F20,m
Daniel Chun,GABF20,m
Daniel Chun,HABF18,m
Daniel Chun,HABF21,m
Daniel Chun,JABF08,m
Daniel Chun,KABF11,m
Daniel Chun,LABF14,m
Chris Cluess,MABF19,m
David X. Cohen,2F03,m
David X. Cohen,3F03,m
David X. Cohen,3F04,m
David X. Cohen,3F18,m
David X. Cohen,3F20,m
David X. Cohen,4F02,m
David X. Cohen,4F12,m
David X. Cohen,4F20,m
David X. Cohen,5F02,m
David X. Cohen,5F05,m
David X. Cohen,5F11,m
David X. Cohen,5F22,m
David X. Cohen,AABF01,m
Joel H. Cohen,CABF19,m
Joel H. Cohen,DABF01,m
Joel H. Cohen,EABF19,m
Joel H. Cohen,FABF01,m
Joel H. Cohen,FABF21,m
Joel H. Cohen,GABF15,m
Joel H. Cohen,GABF22,m
Joel H. Cohen,HABF03,m
Joel H. Cohen,HABF16,m
Joel H. Cohen,JABF05,m
Joel H. Cohen,JABF20,m
Joel H. Cohen,KABF06,m
Joel H. Cohen,KABF12,m
Joel H. Cohen,LABF05,m
Joel H. Cohen,MABF16,m
Joel H. Cohen,MABF20,m
Joel H. Cohen,NABF05,m
Joel H. Cohen,PABF16,m
Joel H. Cohen,RABF03,m
Joel H. Cohen,SABF04,m
Joel H. Cohen,SABF20,m
Robert Cohen,8F08,m
Jonathan Collier,2F04,m
Jonathan Collier,2F21,m
Jonathan Collier,3F13,m
Jonathan Collier,3F18,m
Jonathan Collier,3F19,m
Jonathan Collier,4F03,m
Jennifer Crittenden,2F10,f
Jennifer Crittenden,2F19,f
Jennifer Crittenden,3F11,f
Jennifer Crittenden,3F18,f
Jennifer Crittenden,4F08,f
Kevin Curran,DABF19,m
Kevin Curran,EABF07,m
Kevin Curran,FABF12,m
Kevin Curran,GABF10,m
Kevin Curran,HABF04,m
Kevin Curran,JABF03,m
Kevin Curran,KABF17,m
Kevin Curran,LABF19,m
Kevin Curran,MABF10,m
Kevin Curran,NABF02,m
Kevin Curran,SABF09,m
Greg Daniels,1F04,m
Greg Daniels,1F10,m
Greg Daniels,1F20,m
Greg Daniels,2F03,m
Greg Daniels,2F06,m
Greg Daniels,2F15,m
Greg Daniels,3F03,m
Greg Daniels,3F18,m
Larry Doyle,5F15,m
Larry Doyle,AABF01,m
Larry Doyle,AABF07,m
Larry Doyle,AABF14,m
Larry Doyle,BABF12,m
Larry Doyle,BABF18,m
Larry Doyle,CABF08,m
John Frink,BABF21,m
John Frink,BABF17,m
John Frink,CABF11,m
John Frink,CABF17,m
John Frink,CABF19,m
John Frink,DABF06,m
John Frink,EABF01,m
John Frink,EABF14,m
John Frink,FABF11,m
John Frink,FABF17,m
John Frink,GABF16,m
John Frink,HABF02,m
John Frink,JABF12,m
John Frink,KABF13,m
John Frink,KABF15,m
John Frink,LABF06,m
John Frink,MABF07,m
John Frink,MABF11,m
John Frink,NABF07,m
John Frink,NABF14,m
John Frink,PABF03,m
John Frink,RABF09,m
John Frink,SABF14,m
Peter Gaffney,HABF17,m
Peter Gaffney,NABF13,m
Tom Gammill,RABF05,m
Valentina L. Garza,LABF09,f
Valentina L. Garza,MABF17,f
Valentina L. Garza,RABF13,f
Ricky Gervais,HABF08,m
Howard Gewirtz,8F04,m
Stephanie Gillis,GABF21,f
Stephanie Gillis,JABF21,f
Stephanie Gillis,KABF21,f
Stephanie Gillis,LABF20,f
Stephanie Gillis,MABF13,f
Stephanie Gillis,NABF21,f
Stephanie Gillis,PABF22,f
Stephanie Gillis,RABF20,f
Stephanie Gillis,SABF21,f
Allen Glazier,EABF11,m
Allen Glazier,FABF04,m
Allen Glazier,MABF15,m
Allen Glazier,SABF08,m
Mitch Glazer,MABF02,m
Mitch Glazer,RABF19,m
Evan Goldberg,LABF13,m
Ned Goldreyer,5F02,m
Ned Goldreyer,4F24,m
Dana Gould,CABF20,m
Dana Gould,DABF17,m
Dana Gould,EABF10,m
Dana Gould,EABF20,m
Dana Gould,HABF07,m
Dana Gould,JABF19,m
Dan Greaney,3F05,m
Dan Greaney,3F22,m
Dan Greaney,4F02,m
Dan Greaney,4F13,m
Dan Greaney,4F20,m
Dan Greaney,5F06,m
Dan Greaney,5F13,m
Dan Greaney,AABF11,m
Dan Greaney,AABF20,m
Dan Greaney,BABF13,m
Dan Greaney,EABF11,m
Dan Greaney,FABF04,m
Dan Greaney,GABF18,m
Dan Greaney,MABF15,m
Dan Greaney,SABF08,m
Matt Groening,7G07,m
Matt Groening,7G01,m
Matt Groening,8F19,m
Matt Groening,3F18,m
Reid Harrison,3G01,m
Reid Harrison,KABF09,m
John Harvatine IV,RABF12,m
Ron Hauge,4F11,m
Ron Hauge,4F16,m
Ron Hauge,5F07,m
Ron Hauge,5F12,m
Ron Hauge,AABF05,m
Ron Hauge,BABF01,m
Ron Hauge,BABF11,m
Brendan Hay,LABF12,m
Justin Hurwitz,NABF16,m
David Isaacs,7F05,m
David Isaacs,8F07,m
Al Jean,7G04,m
Al Jean,7G06,m
Al Jean,7G07,m
Al Jean,7F12,m
Al Jean,7F24,m
Al Jean,8F02,m
Al Jean,8F06,m
Al Jean,9F04,m
Al Jean,2F32,m
Al Jean,3G03,m
Al Jean,3G02,m
Al Jean,AABF15,m
Al Jean,AABF21,m
Al Jean,BABF02,m
Al Jean,BABF22,m
Al Jean,CABF10,m
Al Jean,CABF16,m
Al Jean,RABF15,m
Al Jean,TABF03,m
Ben Joseph,PABF11,m
Eric Kaplan,RABF14,m
Ken Keeler,2F31,m
Ken Keeler,3F09,m
Ken Keeler,4F02,m
Ken Keeler,3F24,m
Ken Keeler,4F14,m
Ken Keeler,4F20,m
Ken Keeler,4F23,m
Brian Kelley,DABF19,m
Brian Kelley,EABF08,m
Brian Kelley,FABF06,m
Brian Kelley,KABF22,m
Brian Kelley,MABF04,m
Brian Kelley,NABF03,m
Brian Kelley,PABF17,m
Brian Kelley,RABF02,m
Brian Kelley,RABF21,m
Brian Kelley,SABF06,m
Mick Kelly,JABF22,m
Billy Kimball,JABF14,m
Billy Kimball,KABF08,m
Billy Kimball,KABF18,m
Billy Kimball,LABF04,m
Billy Kimball,NABF08,m
Billy Kimball,PABF08,m
Billy Kimball,RABF10,m
Billy Kimball,SABF18,m
Jay Kogen,7G03,m
Jay Kogen,7G12,m
Jay Kogen,7F04,m
Jay Kogen,7F06,m
Jay Kogen,7F17,m
Jay Kogen,8F05,m
Jay Kogen,8F12,m
Jay Kogen,8F22,m
Jay Kogen,9F04,m
Jay Kogen,9F15,m
Andrew Kreisberg,DABF08,m
Andrew Kreisberg,EABF05,m
Bob Kushell,2F03,m
Bob Kushell,3F12,m
Deb Lacusta,BABF14,f
Deb Lacusta,DABF12,f
Deb Lacusta,FABF08,f
Deb Lacusta,HABF10,f
Deb Lacusta,MABF22,f
Deb Lacusta,NABF09,f
Deb Lacusta,PABF02,f
Adam I. Lapidus,9F16,m
Rob LaZebnik,BABF21,m
Rob LaZebnik,CABF04,m
Rob LaZebnik,LABF08,m
Rob LaZebnik,MABF05,m
Rob LaZebnik,NABF06,m
Rob LaZebnik,PABF06,m
Rob LaZebnik,RABF04,m
Rob LaZebnik,SABF10,m
Ken Levine,7F05,m
Ken Levine,8F07,m
Josh Lieb,DABF08,m
Tim Long,AABF14,m
Tim Long,BABF01,m
Tim Long,BABF09,m
Tim Long,BABF19,m
Tim Long,CABF06,m
Tim Long,CABF12,m
Tim Long,DABF04,m
Tim Long,DABF20,m
Tim Long,EABF15,m
Tim Long,FABF22,m
Tim Long,GABF02,m
Tim Long,GABF07,m
Tim Long,HABF09,m
Tim Long,JABF15,m
Tim Long,KABF19,m
Tim Long,LABF17,m
Tim Long,MABF21,m
Tim Long,MABF18,m
Tim Long,NABF17,m
Tim Long,PABF05,m
Tim Long,PABF21,m
Tim Long,RABF07,m
Tim Long,SABF02,m
Tim Long,SABF03,m
David Mandel,PABF17,m
Jeff Martin,7F08,m
Jeff Martin,7F16,m
Jeff Martin,7F21,m
Jeff Martin,8F02,m
Jeff Martin,8F10,m
Jeff Martin,8F21,m
Jeff Martin,8F18,m
Jeff Martin,9F02,m
Jeff Martin,9F08,m
Jeff Martin,9F21,m
Matt Marshall,LABF11,m
Tom Martin,AABF08,m
Tom Martin,BABF07,m
Tom Martin,CABF05,m
Ian Maxtone-Graham,4F05,m
Ian Maxtone-Graham,4F22,m
Ian Maxtone-Graham,5F14,m
Ian Maxtone-Graham,5F09,m
Ian Maxtone-Graham,AABF03,m
Ian Maxtone-Graham,AABF19,m
Ian Maxtone-Graham,BABF10,m
Ian Maxtone-Graham,CABF07,m
Ian Maxtone-Graham,CABF21,m
Ian Maxtone-Graham,DABF18,m
Ian Maxtone-Graham,EABF13,m
Ian Maxtone-Graham,FABF14,m
Ian Maxtone-Graham,GABF11,m
Ian Maxtone-Graham,HABF06,m
Ian Maxtone-Graham,JABF14,m
Ian Maxtone-Graham,KABF18,m
Ian Maxtone-Graham,LABF04,m
Ian Maxtone-Graham,MABF06,m
Ian Maxtone-Graham,PABF08,m
Ian Maxtone-Graham,RABF10,m
Ian Maxtone-Graham,SABF18,m
Dan McGrath,1F04,m
Dan McGrath,1F06,m
Dan McGrath,1F22,m
Dan McGrath,2F03,m
George Meyer,7G13,m
George Meyer,7F07,m
George Meyer,7F22,m
George Meyer,8F01,m
George Meyer,8F02,m
George Meyer,8F15,m
George Meyer,9F01,m
George Meyer,1F05,m
George Meyer,AABF08,m
George Meyer,AABF22,m
George Meyer,BABF19,m
George Meyer,CABF22,m
David Mirkin,1F13,m
David Mirkin,RABF15,m
Frank Mula,9F13,m
Frank Mula,1F07,m
Frank Mula,BABF06,m
Michael Nobori,MABF12,m
Michael Nobori,RABF22,m
Bill Oakley,9F05,m
Bill Oakley,9F20,m
Bill Oakley,1F04,m
Bill Oakley,1F08,m
Bill Oakley,1F12,m
Bill Oakley,1F18,m
Bill Oakley,1F21,m
Bill Oakley,2F02,m
Bill Oakley,2F07,m
Bill Oakley,2F13,m
Bill Oakley,2F16,m
Bill Oakley,2F20,m
Bill Oakley,3F18,m
Conan O'Brien,9F06,m
Conan O'Brien,9F10,m
Conan O'Brien,1F02,m
Conan O'Brien,1F04,m
Jane O'Brien,5F20,m
Bill Odenkirk,FABF23,m
Bill Odenkirk,GABF08,m
Bill Odenkirk,HABF15,m
Bill Odenkirk,JABF13,m
Bill Odenkirk,KABF14,m
Bill Odenkirk,MABF03,m
Bill Odenkirk,NABF10,m
Bill Odenkirk,PABF18,m
Bill Odenkirk,RABF11,m
Bill Odenkirk,SABF19,m
Steve O'Donnell,5F24,m
Steve O'Donnell,5F23,m
Carolyn Omine,BABF04,f
Carolyn Omine,BABF21,f
Carolyn Omine,CABF03,f
Carolyn Omine,CABF19,f
Carolyn Omine,DABF03,f
Carolyn Omine,EABF04,f
Carolyn Omine,FABF09,f
Carolyn Omine,GABF13,f
Carolyn Omine,HABF22,f
Carolyn Omine,JABF18,f
Carolyn Omine,KABF07,f
Carolyn Omine,LABF16,f
Carolyn Omine,MABF09,f
Carolyn Omine,NABF19,f
Carolyn Omine,RABF01,f
Carolyn Omine,SABF12,f
Carolyn Omine,TABF01,f
Sam O'Neal,EABF06,m
Don Payne,BABF21,m
Don Payne,BABF17,m
Don Payne,CABF11,m
Don Payne,CABF17,m
Don Payne,CABF19,m
Don Payne,DABF06,m
Don Payne,EABF01,m
Don Payne,EABF14,m
Don Payne,FABF11,m
Don Payne,FABF18,m
Don Payne,GABF14,m
Don Payne,HABF01,m
Don Payne,JABF04,m
Don Payne,KABF05,m
Don Payne,LABF01,m
Don Payne,MABF02,m
Don Payne,RABF19,m
Don Payne,SABF01,m
Steve Pepoon,7F13,m
Edgar Allan Poe,7F04,m
Brian Pollack,DABF21,m
Mimi Pond,7G08,f
Michael Price,EABF18,m
Michael Price,FABF02,m
Michael Price,GABF01,m
Michael Price,HABF05,m
Michael Price,JABF09,m
Michael Price,JABF11,m
Michael Price,KABF01,m
Michael Price,KABF03,m
Michael Price,LABF02,m
Michael Price,MABF08,m
Michael Price,NABF01,m
Michael Price,PABF07,m
Michael Price,PABF10,m
Michael Price,PABF19,m
Michael Price,RABF17,m
Michael Price,SABF11,m
Max Pross,RABF05,m
Rachel Pulido,3F18,f
Rachel Pulido,4F09,f
Mike Reiss,7G04,m
Mike Reiss,7G06,m
Mike Reiss,7G07,m
Mike Reiss,7F12,m
Mike Reiss,7F24,m
Mike Reiss,8F02,m
Mike Reiss,8F06,m
Mike Reiss,9F04,m
Mike Reiss,2F32,m
Mike Reiss,3G03,m
Mert Rich,DABF21,m
David Richardson,1F14,m
Jace Richdale,1F16,m
Brian K. Roberts,7F18,m
Seth Rogen,LABF13,m
David Sacks,2F08,m
Nell Scovell,7F11,m
Brian Scully,5F17,m
Brian Scully,AABF08,m
Brian Scully,AABF12,m
Mike Scully,1F17,m
Mike Scully,2F05,m
Mike Scully,2F18,m
Mike Scully,3F07,m
Mike Scully,3F10,m
Mike Scully,4F01,m
Mike Scully,5F02,m
Mike Scully,AABF08,m
Mike Scully,AABF23,m
Mike Scully,BABF19,m
Mike Scully,CABF22,m
Mike Scully,DABF22,m
Matt Selman,5F18,m
Matt Selman,AABF14,m
Matt Selman,AABF18,m
Matt Selman,BABF03,m
Matt Selman,BABF19,m
Matt Selman,CABF01,m
Matt Selman,CABF14,m
Matt Selman,CABF17,m
Matt Selman,DABF05,m
Matt Selman,EABF03,m
Matt Selman,FABF20,m
Matt Selman,GABF03,m
Matt Selman,GABF12,m
Matt Selman,HABF12,m
Matt Selman,JABF02,m
Matt Selman,JABF17,m
Matt Selman,KABF04,m
Matt Selman,LABF15,m
Matt Selman,MABF01,m
Matt Selman,NABF04,m
Matt Selman,NABF20,m
Matt Selman,PABF20,m
Matt Selman,RABF06,m
Matt Selman,RABF09,m
Matt Selman,SABF22,m
Matt Selman,TABF02,m
Sam Simon,7G07,m
Sam Simon,7G13,m
Sam Simon,7G01,m
Sam Simon,7F01,m
Sam Simon,7F04,m
Sam Simon,7F12,m
Sam Simon,8F02,m
Sam Simon,8F04,m
Sam Simon,9F04,m
Dennis Snee,EABF02,m
Robin J. Stein,FABF05,m
David H. Steinberg,SABF15,m
David M. Stern,7F03,m
David M. Stern,7F15,m
David M. Stern,8F14,m
David M. Stern,8F24,m
David M. Stern,9F11,m
David M. Stern,9F14,m
David M. Stern,AABF06,m
David M. Stern,AABF10,m
Joshua Sternin,2F32,m
Joshua Sternin,3G04,m
John Swartzwelder,7G05,m
John Swartzwelder,7G09,m
John Swartzwelder,7G11,m
John Swartzwelder,7G13,m
John Swartzwelder,7F04,m
John Swartzwelder,7F01,m
John Swartzwelder,7F09,m
John Swartzwelder,7F10,m
John Swartzwelder,7F20,m
John Swartzwelder,8F03,m
John Swartzwelder,8F02,m
John Swartzwelder,8F13,m
John Swartzwelder,8F17,m
John Swartzwelder,8F23,m
John Swartzwelder,9F03,m
John Swartzwelder,9F18,m
John Swartzwelder,9F19,m
John Swartzwelder,1F01,m
John Swartzwelder,1F09,m
John Swartzwelder,1F11,m
John Swartzwelder,1F15,m
John Swartzwelder,1F19,m
John Swartzwelder,2F01,m
John Swartzwelder,2F09,m
John Swartzwelder,2F11,m
John Swartzwelder,2F12,m
John Swartzwelder,2F17,m
John Swartzwelder,3F04,m
John Swartzwelder,3F12,m
John Swartzwelder,3F14,m
John Swartzwelder,3F16,m
John Swartzwelder,3F23,m
John Swartzwelder,4F10,m
John Swartzwelder,4F15,m
John Swartzwelder,4F17,m
John Swartzwelder,4F19,m
John Swartzwelder,5F01,m
John Swartzwelder,5F08,m
John Swartzwelder,5F16,m
John Swartzwelder,5F21,m
John Swartzwelder,AABF04,m
John Swartzwelder,AABF09,m
John Swartzwelder,AABF13,m
John Swartzwelder,AABF17,m
John Swartzwelder,BABF05,m
John Swartzwelder,BABF08,m
John Swartzwelder,BABF16,m
John Swartzwelder,BABF20,m
John Swartzwelder,CABF02,m
John Swartzwelder,CABF09,m
John Swartzwelder,CABF13,m
John Swartzwelder,CABF18,m
John Swartzwelder,DABF07,m
John Swartzwelder,DABF13,m
John Swartzwelder,DABF14,m
John Swartzwelder,DABF16,m
John Swartzwelder,EABF09,m
John Swartzwelder,EABF21,m
John Swartzwelder,EABF22,m
Lawrence Talbot,GABF06,m
Julie Thacker,AABF16,f
Julie Thacker,BABF15,f
Julie Thacker,CABF15,f
Steve Tompkins,3F04,m
Steve Tompkins,3F18,m
Steve Tompkins,4F04,m
Steve Tompkins,4F20,m
Eric Towner,RABF12,m
Dan Vebber,NABF22,m
Jeffrey Ventimilia,2F32,m
Jeffrey Ventimilia,3G04,m
Patric Verrone,GABF19,m
Steve Viksten,NABF13,m
Jon Vitti,7G02,m
Jon Vitti,7G10,m
Jon Vitti,7G13,m
Jon Vitti,7F02,m
Jon Vitti,7F14,m
Jon Vitti,7F19,m
Jon Vitti,7F23,m
Jon Vitti,8F09,m
Jon Vitti,8F11,m
Jon Vitti,8F16,m
Jon Vitti,8F20,m
Jon Vitti,9F04,m
Jon Vitti,9F07,m
Jon Vitti,9F12,m
Jon Vitti,9F17,m
Jon Vitti,9F22,m
Jon Vitti,3F01,m
Jon Vitti,DABF09,m
Jon Vitti,DABF11,m
Jon Vitti,DABF15,m
Jon Vitti,FABF03,m
Jon Vitti,FABF15,m
Jon Vitti,FABF19,m
Matt Warburton,DABF08,m
Matt Warburton,EABF12,m
Matt Warburton,FABF10,m
Matt Warburton,GABF09,m
Matt Warburton,HABF19,m
Matt Warburton,HABF20,m
Matt Warburton,JABF07,m
Matt Warburton,KABF16,m
Matt Warburton,MABF14,m
Matt Warburton,NABF11,m
Matt Warburton,PABF12,m
Josh Weinstein,9F05,m
Josh Weinstein,9F20,m
Josh Weinstein,1F04,m
Josh Weinstein,1F08,m
Josh Weinstein,1F12,m
Josh Weinstein,1F18,m
Josh Weinstein,1F21,m
Josh Weinstein,2F02,m
Josh Weinstein,2F07,m
Josh Weinstein,2F13,m
Josh Weinstein,2F16,m
Josh Weinstein,2F20,m
Josh Weinstein,3F18,m
Jeff Westbrook,GABF05,m
Jeff Westbrook,HABF11,m
Jeff Westbrook,JABF01,m
Jeff Westbrook,KABF10,m
Jeff Westbrook,LABF03,m
Jeff Westbrook,LABF18,m
Jeff Westbrook,NABF15,m
Jeff Westbrook,PABF01,m
Jeff Westbrook,RABF16,m
Jeff Westbrook,SABF07,m
Jeff Westbrook,SABF17,m
Marc Wilmore,DABF19,m
Marc Wilmore,EABF16,m
Marc Wilmore,FABF16,m
Marc Wilmore,GABF17,m
Marc Wilmore,HABF13,m
Marc Wilmore,JABF16,m
Marc Wilmore,KABF20,m
Marc Wilmore,LABF07,m
Marc Wilmore,PABF09,m
Marc Wilmore,PABF13,m
Marc Wilmore,RABF18,m
Penny Wise,2F33,m
Penny Wise,3F31,m
Wallace Wolodarsky,7G03,m
Wallace Wolodarsky,7G12,m
Wallace Wolodarsky,7F04,m
Wallace Wolodarsky,7F06,m
Wallace Wolodarsky,7F17,m
Wallace Wolodarsky,8F05,m
Wallace Wolodarsky,8F12,m
Wallace Wolodarsky,8F22,m
Wallace Wolodarsky,9F04,m
Wallace Wolodarsky,SABF07,m
William Wright,KABF07,m
William Wright,MABF09,m
Steve Young,4F07,m
